sample_hash,correct_category
799ca0bb00509aa5,instruction_override
c9c92e5981fd7f65,information_extraction
b8af4286a8c15681,obfuscation_encoding
f18a0a6ad0065450,other
5de1b43613c4c8c4,other
4be85de842f24d4b,other
0731421f2f137b53,other
b430f0b2776489df,other
556eb4a964918929,information_extraction
6a2084f844b6f051,other
25dd996b41acc17b,other
07c53c6085e40fa9,other
90aa355ded83e934,other
d98b397e69a17b40,other
69b328b69a652e8b,other
8d98bd516c81b6cd,other
feb360c5ab2923c6,information_extraction
2c2f0208cfb47939,other
8d993500b1c9578c,other
8920b0cd2066c148,other
b4672657931ee1f3,other
2af104a1c07d68d7,other
d7496d9bad028c20,other
05f22941f2d30b27,other
173c9bc28fedc8a9,other
2d66ca2878606fb4,other
162b5f338c29ab31,other
7336876a418c1e4d,other
3edc6388518fe7f3,other
55a631d5f100a421,information_extraction
fb9154f413aa8d45,other
b68dc69dc11fcb47,other
c09eaedcacac1c2c,other
e66129d51224078d,information_extraction
2dc7e4d19fe6943b,other
fe1e38a48058d7e3,other
856e3189dd58e078,other
2379aaa8640818b7,other
2e35f199210517c1,other
f2fbc1c23d4903a1,other
d838a1554643ace5,other
90cf295da3de98cf,other
3f865724990634f7,other
a50ea5692dfa2ae5,other
0389aa280df5071b,other
27b2bc80549d8a06,other
aaa9ac71be6aa44f,other
6e568b3535b85694,other
98356b0527fb4330,other
9985dfc77fdcb072,other
6f34f90d76b8533b,other
7d5c9a4dfee0987c,other
d0eae0b578dd0f3b,other
98ec5bcb592b42c9,other
040e0930f6d24721,other
e07955b4f2c0b403,other
372beb3e80882194,other
7144757f7a3735b5,other
61574ee39889cb82,other
df700ebc1cfed035,other
d8230a5eaf90759e,other
823debdb6cccb573,information_extraction
de92ab6d6a5115ff,other
38f17b809c89bcb9,other
39b2d538ccb12aed,other
bad8b52637f90136,other
d22c5d3043f53ae3,other
fbc1ecf259a45cac,other
a7834d9018d6c8f1,other
3c9ffcb21314fe97,other
7a2203123db1f21e,other
cfc606a74607e858,information_extraction
fa25c94b63c1450a,other
eb19c2e95f18c4bd,information_extraction
04f54b8422e7d783,other
4d33c967a94058de,other
302cae63e8f6d771,other
63568d2c97c287f4,other
f2df57656c5af0cd,information_extraction
cc74a2259334d5b2,other
fc6e7b559433253d,other
91107b4fa8d11dbe,other
aa361adb98283963,information_extraction
e2daa1697b7d9460,other
5a6ee0f57ca20fbf,other
e720a7a1b12023b9,other
13151296b4ee583e,other
a28f213af275414c,other
69643b18e3e2f09c,other
c189accd55fdac28,other
5aa6ad4a735688d2,other
e20840f5ba748bd1,other
d2ccb8823fcc8571,other
f310e3e0317fcf82,other
0d63c6a6ad89806f,other
6a1b7eb41457bd34,other
103c8bd1c381bdf3,other
e946431ce39e39af,information_extraction
2e535d61ba9a397d,other
606cf1072be72083,other
632949d6fc76c729,other
727b55607c591ffc,other
b546402c01971148,other
4a2b0c44cb6ed1de,other
fa446aa25641d626,other
ae2301f1442c5918,other
d58f19f176b85b39,other
a3b31e2307064fb3,instruction_override
4bd68964dbe6bfdc,other
123e755494f209c5,other
155ea8ac5b2a0e89,other
e28ffca1764aec73,other
bdb5f26ddce71be5,other
de6589d2ab827e8c,other
f7e9ab86f73cab87,other
31854b7d97e3a497,other
4d7a5541a19d1d80,other
4bfd13879f1a0f1f,other
dc043a9a310d06ea,other
dc040b987195f924,other
6e5a19621c4d9190,other
df225a100933f1e9,other
ea1bbd25b0d21b88,other
2f1a29348e7da9cb,other
4943b7cc2625784b,other
df7b39527759101c,other
c5560c9e8e6f22cf,other
37c23346a658e349,instruction_override
952c5ce5aafe9f6d,other
d60a906abae5a45f,other
763b082bf39c8b78,other
3a8ec793b930865a,other
e5ce5235f3203023,instruction_override
91044d2bc1a9deac,other
f10455383e5daea9,other
2be22ef4a6441e0a,other
080a33955f23985e,other
935e4cc30b3c6dd5,other
fdfa24a6e2f550de,other
7e33d4ab53c4b795,other
4db1b735788c2df6,other
1aa0356006f3515d,other
0f6c55e549661d34,other
a2addff5f0386f7d,other
0a29511b022aff2b,other
9e7008e90557dbea,other
b5787b9cb88e3c5f,other
5e7ab292dd528c3e,other
79fa80a95db5e9bd,other
e6d89c73081b509c,other
1f8346da448f7117,information_extraction
448be13e5690aa7d,other
fd9c2564f1e4f630,other
4b3390d3da3a9c00,other
e01b378b2f911018,other
6957e41165dfba7a,other
ba451853dae1026a,other
09d11f3f2288bae5,other
830817df462a6e34,other
bef41539781f313b,other
69b8c0a3e75fb33b,other
898ce79a0464db1f,other
b43f565eebad7fae,other
c64ed1a8a0368d62,other
d60d754ba865f15d,other
8205d12338b2afd0,other
0c33e664f9a68c46,information_extraction
461e95379de94e74,other
1a568ba4b59f2fdf,other
8b7fecdb95bffe30,other
328005c3cdd04f9b,other
1045a5965dbe3ed9,other
73b7c351f25587b9,other
88925ec41119cca4,other
7ed121d516f4bbfe,other
d113eb5c5f811beb,other
0053bc3538168e93,other
009873deb5c8ea22,other
8c219a5f5e841443,other
681c14d0a75bc6bb,other
fd97aaaeb4ecec77,other
bc4a21ebe13c6a26,other
4aef88acef0a2478,other
e823d6fcff7b7501,other
85cf6574fd279f59,other
62c4a142d4e2f85b,other
99e8765229fdda50,other
352d1f4a1bae824e,other
ed1b189303d973e3,other
0d1acdb435f9ba5b,other
ad1c217a1beaf275,other
eab2e2420f16496b,other
80786c202f7f19bd,other
eba74c200d4940bc,other
9848fc815266f27f,other
062255f4eb825a0f,other
eb0e5eead5ba1542,other
581abfd97b532a0c,other
1ed7a10ac65b3834,other
c8a19d244ea4f11a,other
3d22a9367a5248e7,other
90ac4187d9f98c13,other
17e61259b5bbf0d4,other
d8c3ea8752764f03,other
80f84581a4f25e04,other
29065329bdc9b6bb,other
1d0eb618015fd673,other
6d606739f5a38eb3,other
d65045d4fe83c291,other
8b80dc21aba77a78,other
ed303f61cc9500b0,other
a9cc3d307c9337be,information_extraction
b245c36fd00d940c,other
e3d2d80ff7c045b7,other
fad26233c42429a2,other
2381b6112a7ccb87,other
e4119e9f5692e37f,other
77788848c17c5714,other
20f8a3d540c8594e,other
db3a4fefd2ba6a17,other
b61b21f6aae7aa40,instruction_override
165ac72e647da94c,information_extraction
113a094b5865fbf8,other
5f32e83f9bfa575e,other
9bd17868eb482f23,other
1c212e794c3fccd8,other
8450d7e2e53e3098,other
b17952e0b5fc50fb,other
f6011bec404ed7c7,other
36f1f26e1d2ca6b6,other
368399a93756ded7,other
5cf56a2be95d6f58,other
92cefc7cc46891b7,other
2ea64c5fbd98880d,other
64429b6641d40c87,other
1ab1c810aa878597,other
e43bcca4eb64e281,other
d18df69f98f9b012,other
9a1e6dac4eb7f994,other
96c13a9de4d65d32,other
f6e6ad5e2dbc4539,other
8053ce11154cc06b,other
13ee560a032df059,other
0f948c79228ae89b,information_extraction
bc9505f346398d28,other
aecdf4a4ae250a3b,other
6cb629e0b1d50c7c,other
f48c695a3005cc68,other
2b966ba5ba0a5604,other
ab2a99c7f55c040b,information_extraction
649ee962b38ce574,other
46547d4c17886fb3,information_extraction
9a1187fe4fe9d2af,information_extraction
6bb2dee3b8f76277,other
4bd8926fbfff4459,information_extraction
780b0e6f481d8c02,other
ef4acf39839e5d49,other
eb3122b35922f07b,other
95c91cb5d73f6258,other
faff7b0b30bcb4b1,other
13875fa917253dd0,other
111f1575a6502029,other
04124d80abed8f25,other
bc484f7cc34b65a1,other
cad38e8f93504aa1,other
1f7cf44c3896a870,other
a35d9404f2962d36,other
c2deeeae17847532,social_engineering
ac2b0888f4654deb,other
707cbf2a42829cc9,other
3253ee398f7ea7e4,other
1c62f15c2916c76b,other
cf476aaf0f3b8779,other
26107934e130b3ab,other
3f21b7893391130c,other
2d151469c0ebb65f,other
34c449b703aa8055,other
4379cfcc46fa5ce8,other
1774a5a01b6b841e,other
c86abe9226cca3be,social_engineering
ec6fd6d4699a3983,other
3c6f9b9dd39b31ff,other
41924ab803dd1a8d,other
c1ace00d124ec283,other
fe714e26d4e3f394,other
a7921fe1e1672a76,information_extraction
b2ad2ecebeadd9dc,other
f76a6d151b7ca31b,other
153ca7a5f06a21ee,other
5d5070f66bb93c29,other
9e244ecc590a229c,other
b962fcf4689686db,other
09edfa5c80dfa0ef,social_engineering
a4e5e3373a710094,other
c5514c27c3b55394,other
2d673c54e12d300e,other
7e921118bebacc55,other
f40f8ebd6e53fa7d,other
11984a7cef9ef367,other
f2d70c87f47d3bf6,other
210fe205c30a3295,information_extraction
2cf40516a02c6046,other
9358924a7bf8de8a,other
9dc152d1a01a21b3,other
5c85c3e5711de6f5,social_engineering
ca2f09582b2c473d,jailbreak_roleplay
1f6604acc15b5321,other
7eca0e22b3a1c601,other
5b7cfa7fb5c32dd5,other
63128b3573887191,other
6e033f0229f86d63,other
ab4e730997954e62,other
be5896617680976d,other
0c7b2129bd6827f7,information_extraction
419e0af2dd181fc2,other
cbc5cbecb01e2775,other
c66f84a8953ef924,other
5af3a52878d75988,other
3d6cd130869b782d,other
2a7cc885ac60aa97,other
1da26cd7095f4da7,other
1e4815dc2e271b93,other
742278c85a0385ab,other
75da98352bbde3f3,other
142f5cc9d9072194,other
7816d186e75a9bf1,other
7ba9fc3d9e305dc7,other
3a1eb5f9869f925d,other
58e4049e70f41e13,other
ab738b4b77a61efb,other
f5198a6def831261,other
94dba88f26ba3ed2,other
2294c361f30004c8,other
bd9d84b02683001d,other
304bc43fd265fda0,information_extraction
fdc48fc7668b02d9,other
a59dd3228aaa8e30,information_extraction
82684ce4bfc6b944,other
986d1e45183ee66e,other
4b9867626a268c76,other
f708e57f415ce7f5,other
f6935f3f7067a015,other
eed231fb3742246f,other
cfc267ddf5b412b8,other
ab63b80eea8d0dd1,social_engineering
8bc101c3b667b983,other
a04781f2b5a08dc8,other
6cc0f1bb5521c2dd,other
0d16d1b46edc98c1,other
963c495d8008635b,other
5cd7d2748d3d379f,other
38e0a270fb4e736b,other
9b9424c622027d86,other
9109b53295e3ad4e,other
2b8cb3e2d0df4b6c,other
8ef1c32ded82ad74,other
0c1b2ceb6863386f,other
624bf50b9710f075,other
cd28f8ca46e620ee,other
91f9c336e0f3ba97,other
60f17da180bbfd85,other
d96cd9e46898c85b,other
e439c6f432c8066d,other
16dae5c2d2becbef,other
37c584a3a6d0d6b3,information_extraction
94a99c954d97a07b,other
ecc20856ea5ccf4a,other
98b64e33b095eab6,other
e475c71261616cf1,other
e516bc96064914b7,other
eaea20a8a32d9a99,other
9de8671d9bf97289,other
624855f1575f0aac,other
415eccab2c96130e,other
5d8aabf7d8ba0069,information_extraction
fb1e870f2dff0e66,other
ed5ef451f3c5b914,other
474d4f36c3f5ae60,other
5df7ab5be9271189,other
7176a8592ff2459d,other
9e0062dacf7e3c84,other
adb84ea9a8f32a0d,other
b9bb4598cc5c69ae,other
3888c35f1806a499,other
cf7c1cc970257173,other
6d5a5cee1fdbed75,other
dd4d8a5157cab4f4,other
77a6faf8306b1f04,other
55b73d681ccea453,other
d50e41baa89efb32,other
c7ab506874057dc4,other
d5544d9996227039,other
0797d68340be7561,other
5a8fa3992f087e1e,other
d3f83335631df241,other
7a1bbb53d0cf0282,other
9228680bd23de41f,other
a252d20a8603948e,other
796c61f98e43899e,other
937194f6c341eba3,other
a2ac0bd8e2ad54b7,other
4bd0a489062dc436,other
f96ad4b188d087b8,other
3169897a3de871b2,other
3e946538363ff315,other
79f1d351b8e510f5,other
e603585e2585f344,other
026892c1b88533bd,other
5df6ebf073993a5b,other
e5037504a1488e96,other
58548a557f48dfa8,other
c5f0c2c4642b307d,other
718e75b2a8b19916,other
3e6652978750372e,other
be77898eae34a2f8,other
9596b53687ef8c9e,other
e8d990b298bc6b70,other
d0b6fe2c9a95ca7a,other
a88f8d00ed8d7303,other
1ff5b5b2801eb29d,other
e79b448dce79757e,other
4280e19d5bd1eaae,other
f25aa8eb439aed2d,other
97d3ee09ffef36c9,other
98066b19bb58ee3d,other
6384f503a90839f8,other
9514456734101c2a,other
7d626706df15361c,other
c51a160139cc09b4,other
44e85e72485753f7,other
58e297acb42f9200,other
593b22231c599395,other
d99b215af63dcaaa,other
6f6ddba025c405ca,other
039f39ef5f46fffc,other
5b7750451fdf59fd,other
e22eea4d8723b056,other
896bbfb9fa755288,other
afa396bd6b89f2e4,other
40d2db1aef8b61f9,other
089fb6cb1e13bbf8,other
8fbf3cf9a75f1854,other
50788b4872f7292d,other
9c252ac40a1c1a77,other
e37146079aefcb5f,other
4b36b1187e89c730,other
1521c44d9e35066c,other
8b16549e793592f7,other
4542157ffed722b3,other
02f3297e8be74948,other
f82f5c44ca874d2f,other
b43b02219ec37357,other
fd626e1c9164afb4,information_extraction
57044e0d442c28a0,other
68bea207f6890c0e,other
f04e960a9c28d8a5,other
43943ac758b43c33,other
1bdbc3edb5591842,other
a80a66d9a7305af4,other
af81896c4b640f6a,other
8fb149315fc93996,information_extraction
1a9800d13a978b6a,other
4228510025e045c2,other
ce513b9c35730bbc,other
941a2898e5b01485,other
78ce906949b47f35,other
086c72f1cbd48888,information_extraction
7ee9117aad65895d,other
5e0ad32660a63f1d,other
1920d9e367794af4,other
c90c02718d9867a6,other
ee58ce8f32e46297,other
ea84099f2bafe0a7,other
e5a880691bb491d6,other
42c2ae23a70ca608,other
b6910d0375678dc3,other
958bba8400da236a,information_extraction
8fa30ed9b3343fe1,other
288b9c7a6e86a5cc,other
124876ea023659b4,social_engineering
b8de220e74512d83,other
a9042c7b008189a0,other
5c519cc0159b0b5f,other
d5d9f6bd31288cfb,information_extraction
091050ad341ab1ab,information_extraction
9b4d8b9a7618f40d,other
5e0713cebca03b57,other
c9af1965e35cf332,other
82ec3ddcad7db42f,other
035c6c96c434e4b4,other
86dc72a88bc36718,other
829a71ce14d8e5c9,information_extraction
97c119965a425bf8,other
30259de06f5f409b,other
32416b574c7aede2,information_extraction
4cdd34dfa80351c4,other
d9b5fc18c3b9d8c2,other
c21e7049919813aa,information_extraction
4e484eeec5e2f0cf,other
dfd1479b9313bd64,other
8e9df3062da28248,other
1059e2196cf3066c,other
dd648d4f82aafab6,other
5fc017bc01c3bd9a,other
95c1da49ffe7f703,other
cdd9ae842ee26848,other
b0c258f5217dcd93,information_extraction
2493263dcfc63bc7,other
dde7424387a77505,information_extraction
4ae531f1be08f49c,other
11127c93728c6113,other
8799f4ca5e988053,other
7495cb3c95a12b3d,other
8ee3ae5c395d231b,other
c43ac8b55ce61bea,other
b6028bf2d083b074,social_engineering
d7d75123aa1b46a4,other
2c85f732a9570581,other
3d443a278f5edd75,other
e9ac44dcc13dff16,other
3ad5dc4e1cc2a48c,other
7adc506634c52608,other
fc1cd30cd10be6fc,other
00acf74323915c61,other
0c130ff677913313,other
d75653b5fc469426,other
0ff1dd2ad423a077,other
3266715f8deb4442,information_extraction
ce67647f549f7997,other
0bfdd7279feb918f,other
25d603675ebc6b56,other
84fabd686e09c6ae,information_extraction
c3cfc75019ac7bfd,information_extraction
d24012cf6af69e5e,other
352761ced3302ac8,other
b9565dfb0c2184a8,other
cbf2a17e8b2c750a,other
186155c51b359c77,other
83d170bd72df9bfa,other
600121f1283653bb,other
4253d52e7da739fb,other
08757a7cc60aafc3,other
dfe8942d0f186a40,other
73d619255dd4a8bc,other
6ce21a38fcadcfc7,other
3b6189dce7233388,other
1212a2c53ddcdb0b,information_extraction
91989be9a54bfbac,other
72dd38f6b8eff0c7,other
2862e82e81755a5d,other
1984fec76c70701d,other
eb6e3b4079e6411b,other
8756277b1b752e0a,other
160aad79e2f5ccfb,other
cd8cbaf26a6a7561,information_extraction
ef85e5c368ed7fe0,other
5d91a168aaee7b15,other
14935e345be874b6,information_extraction
babfe8419db55329,other
2134b52730175403,other
b446241eeeca8944,other
cd26e3aad43ec54a,other
beba09500475f763,other
0e51f37769fe2d45,other
46f4b2ddccd270ac,other
6169a704f321dbe8,other
28161ec92dd59d39,other
85a6848875477eed,other
b36e1f7cda3554b1,other
ac3f7f26c04d3a2c,other
0fcb3b99b25d3d4b,other
fc14ec5d87709e96,other
72ed8cebd4661b52,other
c3da1be28d7043fc,other
60f99ff6bd9b39c8,other
c65bed4c16c1e598,other
0dce467ef5561944,other
fa38aa2c5a24e626,other
d7bb624bd0604007,other
46d7b8ab1a5e7b81,other
2b48d09a79bd5ef3,other
5c63ec1543639bf2,other
63a97e61348165fd,other
3542bdab7c329bb6,other
fd279bd9bf4f1069,other
c44d7daac711f6b6,other
399b70b0c3d08444,other
78b4978c36b2691c,other
6a1ae8cc2ec5498a,other
f04109bfbe57f637,other
0c232866a9b8a5b1,other
fd2b3bb1adfce5d4,other
8432bd310fcf50ef,other
57b20930d49ba8ae,other
80c81bd327d6cfad,other
3fe663ef529b7f81,other
cac09f372f62cfeb,other
fb54f448f945d34d,other
5fa846e3e96fa8e0,other
6c5a4f0265b61476,other
abc934943c00018a,other
464c06885e11cce6,other
fc2e5f6c1ba6bb60,other
ae65ded7e8c75f4d,other
95e7b0ed5798f47d,other
ca1469a8e17bccd0,information_extraction
6727616f26b78131,other
4eaa24dd07c651be,other
3c7d76a303f0ac74,other
fb4c8d14ea447a71,other
b4a2d6c16d5f429a,other
81d62e31dcd7781a,other
268a0853899d0fa6,other
b8bc25c411f7f0b3,other
b53971572ecbc0ef,other
1e3d5c8fca703420,other
df351368524fc4d2,other
c6208a58f130ed0e,other
c19e8965b82682b1,other
f4877589507e4637,other
efb8ecc12b518262,other
22170ac38d09c508,other
b0570a909a8d88a7,other
00bf914d88f31b4e,other
40a1036196463f3a,other
5378131536c4041b,other
cf1a9ddf61f5b0db,other
a919510bb6f06747,other
0c17325cd3009087,other
c301d838798d7ec6,other
0ac8a664b7fa2225,other
e6e8b05bc4bd6951,other
0c08017fe6213809,other
8efa4dd55316f0fd,other
7c2b6f1ba900101a,other
47c552de57348a97,other
16ce7ae6e17b08cc,other
83cd1dd4f9671965,other
415180498ab82304,other
86b6c78d3835c75f,other
aad5f582ae6671cb,information_extraction
9a292e68b054db69,other
5d22277637e0909d,other
f3a09e57b4571298,other
1dd24c1a6a0f7296,other
489dfee1c2ab201b,information_extraction
124ea3cfd502f7dc,information_extraction
5d627cb1cceee80e,information_extraction
48f6ca6b7227fbce,other
8f6fefa4a8f7d352,other
81a42a9f3624837f,other
2d5b64e52df1f1e4,other
911cb3b279630389,other
a67442fb9bceebf7,other
5a99afee1efbe4f9,other
e35e9eabf80f6c8c,other
979f062d4de7b770,other
29a168fbab6d0a05,other
076a0a86f7a867ed,other
0e0be86eb2e23ce5,other
5f72fcbcd18d5819,other
21901a10b70b163c,other
d93e0fe43339f6c3,other
0f4d8eb282d85560,other
30b5ebc0c4486d88,other
a7243f9c9b1cb14d,information_extraction
d5035e92de98fdbb,other
7c4cee46d21092f7,other
66a8382541de23e9,other
f9608024b7cfd74a,other
287b3a833b89c21c,other
447f885cb7b1eaf7,other
7e6dfdbc68650d1d,other
8f5e0a103c6853f4,other
a481669e89ffc271,other
2151a29de2017ad9,other
6498b6d45ff82061,other
1825ae1182baa52c,other
be26eed5d2dfaac9,other
e8ef8e5e4dd97c39,other
75e3a6c0c4a31f88,other
1499a59ad18078c1,other
8e391aa624a13f45,other
d23f760a5c1e755c,other
f53bdf407421197c,other
421214362e406859,other
7c71f3dfb417903e,other
b6b0c8577a238b53,other
0c1a9b688dd4da30,other
9c44ef068f6f54a3,other
4dd96c17b3f4a596,other
0402dc3a7fae2684,other
8cdfe2788a9c3530,other
1309e444713926d4,other
ad2093de95533953,other
b9f49fb43218cacb,other
17b347a89701948f,other
1f18491d833eabda,other
44b62ca0d1f00a19,other
a70c0a2ec00ebff7,other
6b4283d7c0150924,other
13763406c64f7f0c,other
19bec9fe80c085e4,other
abc61f9940134d24,other
414b6ff19e2b9076,other
4b3b7797e32fb37e,other
ab7c53b537f9f8e8,other
d5ad19a193bf2ed7,other
41428676e5a18160,information_extraction
f385804b63bd8b5a,other
f1b3d0de464d5419,other
aeeac276b00254a4,other
6442e84cc1dec617,other
7c80cd2135b1a183,other
499864d7f98343f6,other
96b6077ba737bd0e,other
15da22081000a04c,other
521ed81509d8932d,other
6bfda41101fd43de,other
51fe2f31623ed339,other
e3a96fa2e75eb995,information_extraction
5e598b38336ab36c,other
6991306c55f986dc,other
e0bb626916d9f917,information_extraction
9dc62f61f1e656ce,information_extraction
439ae261b2b99dea,other
68f445f3475df355,other
ddee62e62a2dd62f,other
b8aa5c41079af073,other
1b62a0374613f790,other
5aa858100d25eb4b,other
6ce8f21d4bee1720,other
6a1cd65874c311a8,other
dd3d417ddf4b30f4,information_extraction
f8d6b8082c841f56,other
828554222a1d9197,other
a45c8d6dfd705067,other
5e55aceb3132f2cf,other
e3312a352d21aa48,other
9a08796a9dfde2f7,other
2b5561e035d720a3,other
9d9fb590915d5147,other
695e5b1179a85477,other
ea9dd66da2bb6e93,other
45be1d6e09e5dccb,other
72e9eaa42bf897f9,other
0db3ea5a23e1dbbe,other
6cbb9469fd28a03f,other
82807f02cad6db9c,other
f692765f6974ac21,other
42f2c0d4268c6511,other
1ff7d41d6fdf289f,other
fc236417f5d9f5db,other
aa6c1bcdf1b4a5d5,other
e1c878e08cdeb1d4,other
7606f1542809a912,other
a027df8ed67d0faf,other
c9d3e98ff3b90f02,other
73a4a30df4ab1e5a,other
9ac88367cbba12c4,other
7fedf1da52f3bb08,other
26c0a48a683b283d,other
22ed83dae400426a,other
f96788527e5af576,other
e937778c50c38c74,other
cada2fdf45512c15,other
622c1e90b52480e6,other
508c81795e810a99,other
4eb18871ab846f0c,other
d7cc6c966f4fdf2b,other
f4b92f834ab7c525,other
9820f5a7fd01bfa4,other
4a34be905a504150,other
ab9f6b359ea466cb,other
cd08707a67bee093,other
fd8e2def454fb176,other
78d3379cc2a920c2,other
38029767481a3f1c,other
f63a2d4aa88782a5,other
6c0e441b82089675,other
0dbff3d6c62be509,other
cfb350c9db964fec,other
061fd099a22cfb7d,other
0e8246b4fc32d967,other
0d96d5cd3f1ad11a,other
cb9b33749815ee4f,other
58ae239d9043d901,other
2404d6c651453b81,other
3809c6574a8d0dd8,other
c65aea74ccd0e6e2,other
fca684dd5fc1b3aa,other
0bd9276aa5fbd9bf,other
eca0ad0d3e7d6521,other
9bf3213e0d4dab5d,other
c8a78b276be59229,other
b64791883406c1cd,other
ab267660f2598ee6,other
7a049d1643317f7f,other
b0402c0e40dd69d0,other
7f25c241e750a649,other
8eae9b21c33d3a4a,other
27c2af245874b226,other
bcc59e47757da6cc,other
03e0a20efc39302a,other
2c3085408b87d6ad,other
3290d20bfdc3d143,other
b3e86fc9e9ed6ac8,other
62355e8312404ef9,other
a566798fd7658499,other
a0153093fed63071,other
80cf2869a10c4e7d,other
7d55c1c4b5db02eb,other
66860eef6b3676f5,other
b52a7eda831d9410,other
3cf4262f522b8f9d,other
8570637d9bc878e0,other
36b501233e2667ed,other
4922c46b6216d2e6,other
80dbf1c314dac0bc,other
cd75399eab625aa5,other
250ee76b10a10305,other
1aab28270e99639d,other
37bde289491a2799,other
064a1e3170fdd6eb,other
fec82fd45c472ac9,other
01805a48bb5a223a,other
27ff5176a5dc60e0,other
610d3d78539bfd7f,other
a51f9f66fe4c3814,information_extraction
07e3258073284dd9,other
ebba699509ad2289,other
35c0b1ae80e8bfef,other
84c0d4bbc3d35652,other
b47d02be78651781,information_extraction
f2b2b869b37c46a8,other
4b8978e9bf42cb5b,other
8a58d61c492f2ad2,other
3b9fcc2284f64a6e,other
1d0b6112fd815c59,other
7bd3ebbf12d68593,other
4c75d51c1df60bfe,other
82238243a2458ed2,other
cb59753cfe00c252,other
32225e2ebb253d02,other
035a2456fdb3aa06,other
1f8dccf0ba9c4b39,other
502e32c85114d01d,other
ac7a876a2d82a6ce,other
ffd515ad9451a44e,other
a7c7639b2d8b78da,other
f12ea611a1c3b5b7,other
6cc9afca8b4f8c3a,other
df4a9e717fca4183,other
b2e9542c563feeb8,other
785264d3ba1df840,other
5f1bae432434abe2,other
f80e1f41e1e2a711,other
e18de6945cdbd2b5,other
1d058cfd47222e12,other
6d74b3145e0a226e,other
edc8cdf4e21ae638,other
78c6853f5cc5ca90,other
bc04ab667ed904a2,other
b1caef01adde9b55,other
4bf096a5f3d8337d,other
93b5998782e0c7d5,other
9d738bd8ac7a6eab,other
9e30aac215e568fb,other
9d8ebc426f539da5,other
df03c9ac5af2b803,other
562f18f2bab898a2,other
5f1ac634b2a5ac09,other
0b2c52925dcb9d89,other
b099df006abdb3ac,other
50ab49d96a987e0e,other
9df840cbc69da81c,other
adaa68f368083dca,instruction_override
6922eb57c0701b22,other
f3cb32621d81ea1d,other
7d53dd2d8e8abb05,other
951ab9e27266a5ce,other
d2ce1b11c131eaa9,other
1abe311241287021,other
6759fd1790f958d1,other
9527df1db32703d6,other
66ab6cd9f49ffcdb,other
ab54bab9d9377392,other
235136ebf492f9e8,other
b6461e12e8892150,other
db3956057c9cbfa9,other
0e4a303c0eadbbc6,other
83e37657a72ecb9d,other
241d80aa8a1ea647,other
4c44810b76ff95d4,other
1b20b59b0e1f7810,other
4fab15617f87b0de,other
58d17be1cfa10fac,other
52970ad25fa5db5b,other
ab8e4ac74ed73ff4,other
8e5917d0286264df,other
ff25468a5046b47a,other
d15d50359be2e0a1,other
96602d730426284f,other
f9cb395a957aab82,other
fd655bbfe4dbd029,other
d96fc993f9088fc5,other
008750607d54145f,other
b8decf5738ea3925,other
542c54600630c938,other
e5adf340d6075923,other
ceeaf8c64474b88e,other
e515b15b3291eb1f,other
e0ba828bd9c5224c,other
198709231b1e3e4f,other
3b96cbaf61fdf5d2,other
4ed81b59a6c3586c,other
0651fee1407b8ccf,other
df7afcfd58f8d2f5,other
ea23c61b0d1161b1,other
de43e295c91348aa,other
ac59edc1c5db802b,other
a0956ca34b791294,other
a828e184a0954f9d,other
5df174dd9a87f5db,other
1f9516e7b298bccd,other
3eb239dd358ffced,other
9087b3affacb52b0,other
9776608641bd0047,other
d6812e546be3f842,other
50fd9d53e4ba4612,other
f5de5aaafa186309,other
2dca76244f75a837,other
0ed0a1b333d67935,other
38121e16c25a3884,other
80e4267fc24eed9c,other
5c6ecb905e53e236,other
b07207304c32d51c,other
f739b3b5dddb611e,other
ec2639ddf8bec5cf,other
35c4da4f792fba8e,other
99ea74567e681a10,other
1c8a2e61b442603d,information_extraction
ef6958185c812891,other
5b867fbb1a1e9021,information_extraction
c6e931629dca1795,other
97e57e72133a8691,other
2309f357156be292,other
4a9a64133a011db4,other
feb2ca461287fecd,other
5c6d2c7566cd606c,information_extraction
5909f38f9b9aecae,other
2aa06c93103dd013,other
4c949d5151a34302,other
62f2c3c101f28f1d,other
af153e613c020fd8,other
1175df18fc540d0f,other
67ba46d3de662560,other
0e221d0e0c773f17,other
7a178edbe2a6be14,other
3eb881061b86943f,other
1145ad02778598d9,other
688ed03011ca3c63,other
2f3f8a3b0ffe089e,other
1b2bbf77b640febe,other
4f1e93f33d9fa380,other
493675da1b1677a3,other
389ac7ac2108a421,other
b0cdc0edaf4921bc,other
6c51a8b547ae17fc,instruction_override
8f9af40762ec795c,other
f16b1c674a67809e,other
8827690e1999b2fd,instruction_override
c53626a63e3511fb,other
1aa58213babddb65,other
6915a98552436a43,other
79a389e671810329,other
a2a49bb42d2d6020,other
b9ed03da9c247237,other
9d303e80d2f5a7cb,other
036e31629ca842cc,other
9e66435f5783fd6a,other
c4665ab353590e3a,instruction_override
a549f542648427e6,instruction_override
c8b14c3ccaf23990,information_extraction
756f5ded054bff47,other
a0588e4d56931b4b,information_extraction
fd3b4edf300d4f14,other
2ff902993a6db0e1,information_extraction
b2230c54849d3cb2,other
b4e7eefd0a414a14,other
5ac4354af99076ea,other
44d74747965cc986,other
b21922a5712636cc,other
0f640299f8a6e7f7,other
5eaa8136d527c674,other
7514eba4e36af5f9,other
6aae555247902bc4,other
ba863080fac54116,other
c1449dd0e03cf42b,instruction_override
52c067ee210a9a23,instruction_override
978616d00ef96022,other
a6d668d20efae66d,instruction_override
b831c65f84764790,other
23dbc855ecbb2199,other
5a8d0a74cf62d875,other
aca7148601814d2d,other
768558caf86fc45e,other
fbce5bafdcae2e6c,other
8de143efffc3abf5,other
192b77a7d7fe8ea7,other
d5e2f90f7b91023d,other
9e7ffa6b491859f9,other
a2684e6298f89483,other
77490b76ef9c05d2,other
1349ddfac7031dfd,other
7058c4617b793cf2,instruction_override
71f48fbea8ad6097,instruction_override
901e138e98cd33b4,other
1fa7429ef6cc5337,other
5a9248a0130664d6,other
46ef62e5d2b6faa2,other
eb490710970fe633,other
ed913496966ff46b,other
d18941b21541e332,other
8771998198859320,instruction_override
af62089645077d91,other
1e3edb9fcba11f56,instruction_override
be8639a1e8ae0c5a,other
f5bd6cf346432dfd,other
9114ddc9cf5b6c5f,other
4e1dd90cea1937a7,other
dc63e075971d1bf1,instruction_override
2f2a5b51da8bf1ae,instruction_override
661ad480f98a8932,instruction_override
a46ad68977ea9d82,other
a6c70596701dd810,other
f741d326c34023b4,other
89e062295f12f31f,other
c76c4810bc62daff,other
a983844ae0b2502c,other
1e581f19f72f60cb,instruction_override
a2dc24993d3c9342,other
bf9b25b57903ce88,other
ed17eac6226815f7,instruction_override
256588ea58ebbc8a,other
44e34564b998a8d2,other
afae67bf0c232d88,other
f943b0e8ed1bd7fd,instruction_override
0413ee07f06401a5,other
3585f7df806e160d,other
40304175ba0799fc,other
5c1f60753d99d7af,other
1afad2a2da107fe9,other
f860fca533e6676e,other
ddbc437b5ecd89db,other
df38f52a1958c6a7,other
190f5447b9dab366,other
10aea16b5249eca5,social_engineering
23f6867321e1aa50,other
76a4025b00c5977c,other
ea9e758c349044da,other
91d994aafc1e36ea,other
1e7fea089ec7fafb,other
49991ce1bced6772,other
46e38ea810e83dfc,other
